{
  "current-scene": "7014be07-aa48-40c1-a574-4f0b8be933a7",
  "gizmos-infos": {
    "iconGizmoSize": 2,
    "isGridVisible": true,
    "isIconGizmo3D": false
  },
  "float-window": {
    "position": {
      "cc": {
        "CameraComponent": {
          "bottom": 10,
          "dock": false,
          "left": null,
          "right": 10,
          "top": null
        }
      }
    }
  },
  "camera-infos": {
    "7014be07-aa48-40c1-a574-4f0b8be933a7": {
      "position": {
        "x": 480,
        "y": 320,
        "z": 1000
      },
      "rotation": {
        "w": 1,
        "x": 0,
        "y": 0,
        "z": 0
      },
      "viewCenter": {
        "x": -5.354000222747453,
        "y": -7.159055762843978,
        "z": -3.4127948670111095
      }
    }
  },
  "camera-uuids": [
    "7014be07-aa48-40c1-a574-4f0b8be933a7"
  ]
}
